<?xml version="1.0" encoding="UTF-8"?>
<!DOCTYPE mapper PUBLIC "-//mybatis.org//DTD Mapper 3.0//EN"
"http://mybatis.org/dtd/mybatis-3-mapper.dtd">
<mapper namespace="BoardDAO"><!-- BoardDAO파일이 없어도 실행이 되는데 이 네임스페이스는 왜 이렇게 쓰는가 -->
<!-- 네임 스페이스의 의미는 이 매퍼를 사용할 때의 이름을 말한다. boardDAOmybatis에서 ""내부에 사용하는걸 사용할수 있다. -->
	<resultMap id="boardResult" type="board"><!-- board의 의미는 sql-map -->
		<id property="board_no" column="BOARD_NO" />
		<result property="board_title" column="BOARD_TITLE" />
		<result property="board_contents" column="BOARD_CONTENTS" />
		<result property="board_date" column="BOARD_DATE" />
		<result property="user_code" column="USER_CODE" />
		<result property="board_hits" column="BOARD_HITS" />
		<result property="board_rating" column="BOARD_RATING" />
	</resultMap>

	<insert id="insertBoard" parameterType="board">
		<![CDATA[
		INSERT INTO TB_BOARD(BOARD_NO, BOARD_TITLE, BOARD_CONTENTS, BOARD_DATE, USER_CODE, BOARD_HITS, BOARD_RATING)
		VALUES((SELECT NVL(MAX(BOARD_NO), 0) + 1 FROM TB_BOARD), #{board_title}, #{board_contents}, #{board_date}, #{user_code}, #{board_hits}, #{board_rating})
		
		]]>
	</insert>

	<update id="updateBoard">
		<![CDATA[
		UPDATE BOARD SET
		BOARD_TITLE = #{board_title}
		BOARD_CONTENTS = #{board_contents}
		BOARD_DATE = #{board_date}
		USER_CODE = #{user_code}
		BOARD_HITS =  #{board_hits}
		BOARD_RATING = #{board_rating}
		WHERE BOARD_NO = #{board_no}
		]]>
	</update>

	<delete id="deleteBoard">
		<![CDATA[
		DELETE BOARD
		WHERE BOARD_NO = #{board_no}
		]]>
	</delete>

	<select id="getBoard" resultType="board">
		<![CDATA[
		SELECT *
		FROM BOARD
		WHERE BOARD_NO = #{board_no}
		]]>
	</select>

	<select id="getBoardList" resultMap="boardResult">
		SELECT *
		FROM TB_BOARD
		WHERE 1 = 1
		<if test="searchCondition == 'BOARD_TITLE'">
			AND BOARD_TITLE LIKE '%'||#{searchKeyword}||'%'
		</if>
		<if test="searchCondition == 'BOARD_CONTENTS'">
			AND BOARD_CONTENTS LIKE '%'||#{searchKeyword}||'%'
		</if>
		ORDER BY BOARD_NO DESC
	</select>



</mapper>