<?xml version="1.0" encoding="UTF-8"?>
<beans xmlns="http://www.springframework.org/schema/beans"
	xmlns:xsi="http://www.w3.org/2001/XMLSchema-instance"
	xmlns:context="http://www.springframework.org/schema/context"
	xmlns:mvc="http://www.springframework.org/schema/mvc"
	xsi:schemaLocation="http://www.springframework.org/schema/mvc http://www.springframework.org/schema/mvc/spring-mvc-4.2.xsd
		http://www.springframework.org/schema/beans http://www.springframework.org/schema/beans/spring-beans.xsd
		http://www.springframework.org/schema/context http://www.springframework.org/schema/context/spring-context-4.2.xsd">
		<!-- xmlns:context는 스프링 mvc에서 어노테이션을 사용하기 위함 -->

	<context:component-scan base-package="com.springbook.view"></context:component-scan><!-- 컨트롤러들의 가장 상위 패키지 를 스캔한다는데?-->
	<!-- 위의 스캔을 하면 @cotroller를 사용할 수 있음 그걸 쓰면 얘가 스캔해서 컨트롤러를 생성해줌 -->
	<mvc:annotation-driven></mvc:annotation-driven>
	<!-- RequestMapping, ModelAttribute, SessionAttribute, RequestParam 등등을 쓰려면 선언해줘야함 근데 안써도 된다고도 하는데?? -->
	
	<!-- 파일 업로드 설정 -->
	<bean id="multipartResolver"
		class="org.springframework.web.multipart.commons.CommonsMultipartResolver">
		<property name="maxUploadSize" value="100000" /><!-- 파일크기 지정 꼭 해둬야함 -->
	</bean>

	<!-- 예외 처리 설정 -->
	<bean id="exceptionResolver"
		class="org.springframework.web.servlet.handler.SimpleMappingExceptionResolver">
		<property name="exceptionMappings">
			<props>
				<prop key="java.lang.ArithmeticException">
					common/arithmeticError.jsp
				</prop>
				<prop key="java.lang.NullPointerException">
					common/nullPointerError.jsp
				</prop>
			</props>
		</property>
		<property name="defaultErrorView" value="common/error.jsp" />
	</bean>
	
	<!-- 다국어 설정 -->
	<!-- MessageSource 등록 -->
	<bean id="messageSource"
		class="org.springframework.context.support.ResourceBundleMessageSource">
		<property name="basenames">
			<list>
				<value>message.messageSource</value>
			</list>
		</property>
	</bean>

	<!-- LocaleResolver 등록 -->
	<bean id="localeResolver"
		class="org.springframework.web.servlet.i18n.SessionLocaleResolver"></bean>

	<!-- LocaleChangeInterceptor 등록 -->
	<mvc:interceptors>
		<bean class="org.springframework.web.servlet.i18n.LocaleChangeInterceptor">
			<property name="paramName" value="lang" />
		</bean>
	</mvc:interceptors>
</beans>
