<?xml version="1.0" encoding="UTF-8"?>
<!DOCTYPE mapper PUBLIC "-//mybatis.org//DTD Mapper 3.0//EN"
"http://mybatis.org/dtd/mybatis-3-mapper.dtd">
<mapper namespace="Board"><!-- BoardDAO파일이 없어도 실행이 되는데 이 네임스페이스는 왜 이렇게 쓰는가 -->

	<resultMap id="boardResult" type="board"><!-- board의 의미는 sql-map -->
		<id property="boardNo" column="BOARD_NO" />
		<result property="boardTitle" column="BOARD_TITLE" />
		<result property="boardContents" column="BOARD_CONTENTS" />
		<result property="boardDate" column="BOARD_DATE" />
		<result property="userCode" column="USER_CODE" />
		<result property="boardHits" column="BOARD_HITS" />
		<result property="boardRating" column="BOARD_RATING" />
	</resultMap>
	

	<insert id="insertBoard" parameterType="board">
		<![CDATA[
		INSERT INTO TB_BOARD(BOARD_NO, BOARD_TITLE, BOARD_CONTENTS, BOARD_DATE, USER_CODE, BOARD_HITS, BOARD_RATING)
		VALUES((SELECT NVL(MAX(BOARD_NO), 0) + 1 FROM TB_BOARD), #{boardTitle}, #{boardContents}, #{boardDate}, #{userCode}, #{boardHits}, #{boardRating})
		
		]]>
	</insert>
	
	<select id="getBoard" resultMap="boardResult" parameterType="board">
		<![CDATA[
		SELECT *
		FROM TB_BOARD
		WHERE BOARD_NO = #{boardNo}
		]]>
	</select>
	<select id="getBoardList" resultMap="boardResult">
	SELECT *
	FROM TB_BOARD
	ORDER BY BOARD_NO DESC
	</select>


</mapper>