<?xml version="1.0" encoding="UTF-8"?>
<beans xmlns="http://www.springframework.org/schema/beans"
	xmlns:xsi="http://www.w3.org/2001/XMLSchema-instance"
	xmlns:aop="http://www.springframework.org/schema/aop"
	xmlns:context="http://www.springframework.org/schema/context"
	xmlns:mvc="http://www.springframework.org/schema/mvc"
	xmlns:p="http://www.springframework.org/schema/p"
	xmlns:tx="http://www.springframework.org/schema/tx"
	xsi:schemaLocation="http://www.springframework.org/schema/mvc http://www.springframework.org/schema/mvc/spring-mvc-4.2.xsd
		http://www.springframework.org/schema/beans https://www.springframework.org/schema/beans/spring-beans.xsd
		http://www.springframework.org/schema/context http://www.springframework.org/schema/context/spring-context-4.2.xsd
		http://www.springframework.org/schema/aop http://www.springframework.org/schema/aop/spring-aop-4.2.xsd
		http://www.springframework.org/schema/tx http://www.springframework.org/schema/tx/spring-tx-4.2.xsd">
	
	<!-- Root Context: defines shared resources visible to all other web components -->
	
		<context:component-scan base-package="com.springbook.biz"></context:component-scan>

<!-- DataSource 설정 -->

<context:property-placeholder location="classpath:config/database.properties" />

	<bean id="dataSource" class="org.apache.commons.dbcp.BasicDataSource"
		destroy-method="close">
		<property name="driverClassName" value="${jdbc.driver}" />
		<property name="url" value="${jdbc.url}" />
		<property name="username" value="${jdbc.username}" />
		<property name="password" value="${jdbc.password}" />
	</bean>
<!--  Spring JDBC 설정 -->
<bean id="jdbcTemplate" class="org.springframework.jdbc.core.JdbcTemplate">
<property name="dataSource" ref="dataSource"></property>
</bean>
<!-- 트랜잭션 설정 -->
<bean id="txManager" class="org.springframework.jdbc.datasource.DataSourceTransactionManager">
	<property name="dataSource" ref="dataSource" />
</bean>
<!--page231 method get으로 시작하는 모든 메서드는 읽기 전용으로 처리되어 트랜잭션 관리 대상에서 제외 -->
<tx:advice id="txAdvice" transaction-manager="txManager">
	<tx:attributes>
		<tx:method name="create*" rollback-for="RuntimeException"/> <!-- create 시작하는 메서드 예외 발생시 롤백처리 -->
	</tx:attributes>
</tx:advice>
<aop:config><!-- 범위설정 -->
	<aop:pointcut expression="execution(* com.springbook.biz..*(..))" id="txPointcut"/>
	<aop:advisor advice-ref="txAdvice" pointcut-ref="txPointcut"/>
</aop:config>


</beans>
